user_id,first_name,last_name,age,email,gender,country,city,street_address,phone_number
1,Alis,Mayger,37,amayger0@moonfruit.com,Female,Albania,Lis,440 Union Pass,201-271-3331
2,Star,McSperron,47,smcsperron1@canalblog.com,Female,Pakistan,Muzaffargarh,91 Prentice Center,783-373-4811
3,Lindsey,Osgerby,41,losgerby2@diigo.com,Male,Luxembourg,Kopstal,31755 Messerschmidt Plaza,504-575-7615
4,Reagen,Whitham,57,rwhitham3@pinterest.com,Male,Greece,Koímisi,1 Almo Circle,790-475-4262
5,Silvia,Lanney,54,slanney4@com.com,Bigender,Croatia,Viškovci,836 Corben Lane,983-237-0946
6,Aleen,Sparshett,66,asparshett5@mail.ru,Female,Russia,Rudnya,9 Bashford Center,465-786-5930
7,Stefano,Fleming,52,sfleming6@jiathis.com,Male,Azerbaijan,Shamkhor,024 Briar Crest Road,562-111-3040
8,Casar,Peyntue,57,cpeyntue7@google.com.br,Male,Jamaica,Lionel Town,20 Main Street,895-277-0674
9,Perrine,Deverille,75,pdeverille8@dailymotion.com,Female,Peru,Andahuaylas,443 Starling Circle,434-492-7440
10,Byron,Spurriar,50,bspurriar9@ucla.edu,Male,Albania,Krrabë,3 Reinke Avenue,204-537-3021
11,Carey,Ewbanks,29,cewbanksa@businesswire.com,Genderqueer,Brazil,Igrejinha,976 Spaight Alley,245-434-1883
12,Nicoli,Gofforth,63,ngofforthb@gnu.org,Female,Russia,Pinega,8906 Columbus Circle,652-585-2150
13,Carlee,Greenman,36,cgreenmanc@virginia.edu,Female,Brazil,Caraguatatuba,1 Pearson Avenue,813-436-2006
14,Jamie,Itzkov,43,jitzkovd@wordpress.com,Female,Canada,Skatepark,129 Graceland Lane,886-949-9503
15,Delcina,Rase,56,drasee@nasa.gov,Female,China,Dongshangen,53 Mariners Cove Pass,483-738-2891
16,Kendall,Sisse,62,ksissef@stanford.edu,Male,France,Auch,06085 Charing Cross Point,964-297-9016
17,Emmerich,Goard,60,egoardg@howstuffworks.com,Male,United States,Rockford,4173 Magdeline Pass,815-360-4633
18,Gussie,Trent,36,gtrenth@arstechnica.com,Female,Switzerland,Bern,10 Packers Center,679-231-5782
19,Brady,Epinoy,80,bepinoyi@msn.com,Male,Russia,Chaplygin,0079 Hanson Alley,940-249-4413
20,Elsbeth,Allgood,42,eallgoodj@vistaprint.com,Female,Cameroon,Tibati,28925 Hallows Alley,487-786-0879
21,Sully,Nevison,32,snevisonk@google.co.uk,Male,China,Dongxi,5 Larry Park,399-559-0536
22,Sharia,Grand,68,sgrandl@tiny.cc,Female,Bosnia and Herzegovina,Ključ,3 Lunder Crossing,989-311-5287
23,Reggis,Maltman,58,rmaltmanm@dot.gov,Male,Czech Republic,Chřibská,56 Fisk Road,985-405-1229
24,Andrew,Loadwick,35,aloadwickn@statcounter.com,Male,Swaziland,Tshaneni,47151 Nelson Parkway,348-393-0433
25,Geoffrey,Crecy,46,gcrecyo@nationalgeographic.com,Male,Vietnam,Thị Trấn Pác Miầu,463 Oneill Terrace,285-764-1809
26,Fin,Sictornes,85,fsictornesp@imdb.com,Male,China,Luniao,5 Del Mar Hill,284-977-8668
27,Darbee,Skilbeck,72,dskilbeckq@discuz.net,Male,France,Bobigny,4726 Elgar Hill,231-256-6771
28,Keelby,Sofe,21,ksofer@skype.com,Male,Philippines,Esperanza,114 Rusk Parkway,658-830-1404
29,Brian,Yakobovicz,67,byakoboviczs@psu.edu,Male,Peru,Paucarbamba,35873 Toban Crossing,794-940-3463
30,Regine,Hackin,63,rhackint@ocn.ne.jp,Female,Portugal,Baraçais,2 Main Street,790-372-0934
31,Bowie,Trevena,61,btrevenau@woothemes.com,Male,Croatia,Sukošan,0329 Hallows Center,418-778-9027
32,Karlyn,Zahor,47,kzahorv@blogspot.com,Female,Colombia,El Copey,08 Porter Circle,878-977-6108
33,Josh,Adger,32,jadgerw@blog.com,Male,Iceland,Akureyri,483 Glacier Hill Plaza,101-136-8065
34,Berkeley,Fiddiman,44,bfiddimanx@chicagotribune.com,Male,France,Nevers,3 Toban Street,125-665-0374
35,Jerry,Cannaway,76,jcannawayy@cmu.edu,Male,Indonesia,Tarub,742 Utah Junction,450-805-7179
36,Marena,Traske,33,mtraskez@apple.com,Female,Sweden,Moholm,893 Sauthoff Alley,357-849-1486
37,Patin,Davidai,40,pdavidai10@time.com,Male,Colombia,Agustín Codazzi,74272 Sunnyside Street,219-863-5491
38,Danyette,Grigoire,18,dgrigoire11@joomla.org,Female,Pakistan,Naushahro Fīroz,43429 Doe Crossing Point,984-362-8631
39,Purcell,Sired,35,psired12@youtube.com,Male,China,Xinzhou,66 Union Point,188-179-6452
40,Theodor,Vautin,51,tvautin13@wired.com,Male,Uganda,Maracha,399 Forster Park,475-408-3176
41,Olag,Bradnock,34,obradnock14@dell.com,Male,China,Jinjiang,5 Jenifer Point,117-871-1557
42,Jessica,Leftwich,54,jleftwich15@deviantart.com,Female,France,Annecy,4 Merrick Junction,126-543-9375
43,Rennie,Fairburne,51,rfairburne16@marketwatch.com,Female,China,Lishu,18621 Kinsman Alley,920-788-1710
44,Wilhelmine,Avrashin,25,wavrashin17@amazonaws.com,Polygender,Ukraine,Horodnytsya,637 Doe Crossing Drive,316-278-6411
45,Jamill,Rozycki,62,jrozycki18@icq.com,Male,Portugal,Vilar do Monte,8 Sugar Point,434-998-1983
46,Morgan,Cobley,40,mcobley19@harvard.edu,Male,China,Zhengcun,2 Sutherland Street,492-708-7068
47,Isidore,Callaby,78,icallaby1a@rakuten.co.jp,Male,Czech Republic,Velký Újezd,7180 Cambridge Hill,959-402-6234
48,Christa,Goldhill,83,cgoldhill1b@slashdot.org,Female,China,Zhongshan,38062 Rutledge Avenue,845-991-2512
49,Tootsie,Simonetto,41,tsimonetto1c@upenn.edu,Female,Argentina,La Quiaca,742 Hoepker Place,810-186-1917
50,Kessiah,Paddock,67,kpaddock1d@weather.com,Female,Indonesia,Banjar Asahduren,2 Vernon Point,373-911-4548
51,Yard,Kures,81,ykures1e@sciencedirect.com,Male,Brazil,Votuporanga,737 Bunker Hill Circle,186-799-7537
52,Farly,Blampy,20,fblampy1f@ucsd.edu,Male,Philippines,Masiga,08344 Brown Court,940-465-5893
53,Clem,Lamar,71,clamar1g@vkontakte.ru,Female,France,Cournon-d'Auvergne,8585 Schurz Way,949-410-1831
54,Hunt,Meco,47,hmeco1h@soundcloud.com,Male,Ukraine,Hlyboka,669 Red Cloud Court,999-596-4724
55,Carmelia,Spurge,21,cspurge1i@youtu.be,Female,Greece,Áthyra,483 Kipling Terrace,500-641-2352
56,Micheil,Kyberd,58,mkyberd1j@indiegogo.com,Male,Yemen,Ar Rujum,685 Parkside Lane,526-405-4593
57,Ario,Dulling,26,adulling1k@imdb.com,Bigender,Tunisia,Sidi Bouzid,3 West Crossing,959-790-6586
58,Lauritz,Dockreay,43,ldockreay1l@answers.com,Male,Peru,Copa,97256 Prairieview Court,109-552-6252
59,Ronna,Manclark,83,rmanclark1m@bbc.co.uk,Agender,Thailand,Ang Thong,643 Menomonie Terrace,997-739-5280
60,Duffie,Magnar,61,dmagnar1n@seattletimes.com,Male,Brazil,Carazinho,34 Dorton Place,939-333-5058
61,Lombard,Kolakovic,62,lkolakovic1o@reuters.com,Male,Philippines,San Jacinto,37485 Debs Alley,663-615-1967
62,Sam,Gerault,59,sgerault1p@eventbrite.com,Male,Yemen,Ash Shawātī,89 Superior Plaza,246-190-9300
63,Lark,Ewdale,77,lewdale1q@engadget.com,Female,South Africa,Victoria West,77326 Monterey Alley,405-848-9908
64,Papageno,Rainon,76,prainon1r@google.co.jp,Male,Russia,Ursk,23 Nancy Drive,797-716-0665
65,Jeannine,Vinden,64,jvinden1s@desdev.cn,Female,Argentina,Famaillá,68 Blue Bill Park Alley,122-325-1787
66,Rosmunda,Loxly,32,rloxly1t@berkeley.edu,Female,Brazil,Casimiro de Abreu,1 Gateway Terrace,855-101-8825
67,Matias,Petche,33,mpetche1u@spotify.com,Male,Uganda,Otuke,65472 Continental Center,525-647-4923
68,Arielle,Bray,51,abray1v@wix.com,Female,France,Lomme,1420 Kipling Circle,413-919-7443
69,Kelley,Martini,55,kmartini1w@google.com.hk,Female,Russia,Mayskiy,68765 Mesta Parkway,112-711-6158
70,Berte,Bleasby,84,bbleasby1x@about.me,Female,Lesotho,Mafeteng,89021 Green Ridge Avenue,960-408-1441
71,Jeff,Immings,65,jimmings1y@usgs.gov,Male,Colombia,Acevedo,274 Clove Trail,837-838-7294
72,Clem,Wilflinger,61,cwilflinger1z@4shared.com,Male,Indonesia,Cipinang,5959 La Follette Avenue,644-568-1227
73,Mead,Goosey,23,mgoosey20@accuweather.com,Non-binary,Poland,Doruchów,63 Dapin Lane,626-420-9858
74,Timmi,O'Cullen,72,tocullen21@google.ca,Female,Indonesia,Sumuragung,587 Portage Trail,563-905-0893
75,Arly,Rundle,29,arundle22@privacy.gov.au,Female,Nicaragua,Puerto Cabezas,357 Marquette Park,437-750-6756
76,Danice,Gillon,84,dgillon23@smugmug.com,Female,China,Ekou,6 Prentice Park,689-778-0991
77,Rog,Blazek,68,rblazek24@slashdot.org,Genderfluid,Macedonia,Selce,7398 Gerald Parkway,573-619-2582
78,Em,Aronstein,78,earonstein25@google.co.uk,Male,Cameroon,Loum,593 Roxbury Park,853-753-3265
79,Elysee,Thebeaud,36,ethebeaud26@printfriendly.com,Female,China,Liudong,3234 Hoard Pass,668-950-1480
80,Lyell,Pipes,32,lpipes27@state.tx.us,Male,Afghanistan,Farah,6 Northfield Alley,874-605-3852
81,Stesha,Schneidar,77,sschneidar28@fastcompany.com,Female,Philippines,Santo Niño,6 Waubesa Center,335-961-2905
82,Gabi,Skerrett,79,gskerrett29@utexas.edu,Male,Ukraine,Svitlovods’k,7451 Duke Pass,343-209-9983
83,Pascale,Schrinel,32,pschrinel2a@oakley.com,Agender,Indonesia,Taman,137 6th Crossing,348-764-7361
84,Porty,Drew,69,pdrew2b@stanford.edu,Male,France,Angoulême,060 Schmedeman Way,519-803-3480
85,Mannie,Phillipp,48,mphillipp2c@merriam-webster.com,Male,Mongolia,Sujji,0 Troy Way,198-777-3002
86,Arney,Pedroni,33,apedroni2d@shop-pro.jp,Male,France,Orléans,6375 Express Way,293-135-0162
87,Ingeberg,Fredi,73,ifredi2e@chron.com,Female,Pakistan,Bhawāna,55042 Loftsgordon Avenue,407-242-8067
88,Barris,Doel,51,bdoel2f@independent.co.uk,Male,Indonesia,Pinrang,46 Crowley Parkway,318-918-4046
89,Maridel,Burchmore,60,mburchmore2g@liveinternet.ru,Female,Argentina,Palpalá,52774 Aberg Center,396-522-5623
90,Jodie,Domney,58,jdomney2h@gravatar.com,Female,Poland,Mońki,44933 Havey Place,688-678-7440
91,Katherine,Thatcham,24,kthatcham2i@newsvine.com,Female,Bulgaria,Anton,4 Mcbride Point,521-934-1383
92,Olwen,Mc Faul,68,omcfaul2j@behance.net,Genderqueer,China,Mizhou,358 Sloan Street,479-527-6454
93,Nester,Davley,74,ndavley2k@bloomberg.com,Male,China,Wentugaole,78 Kingsford Alley,916-454-0685
94,Guenna,Stennet,67,gstennet2l@xrea.com,Female,Philippines,Libertad,51428 Bluejay Lane,221-888-1446
95,Emmalyn,Millar,24,emillar2m@yolasite.com,Female,Poland,Wilków,4 Briar Crest Circle,335-654-2572
96,Stephen,Morriarty,59,smorriarty2n@oakley.com,Male,United States,Washington,78 Pearson Circle,202-181-8004
97,Adiana,Shoard,44,ashoard2o@deviantart.com,Female,China,Nanjia,19 Golf View Lane,219-819-6396
98,Gusty,Davis,22,gdavis2p@state.tx.us,Female,Iran,Qā’en,2180 Muir Pass,268-668-2805
99,Hermione,Sarath,37,hsarath2q@spiegel.de,Female,Indonesia,Naebugis,1 Northwestern Circle,589-857-4523
100,Wat,Quantrell,40,wquantrell2r@imgur.com,Male,China,Hongwei,0028 Buena Vista Way,528-117-2888
